"","participation","income","age","education","youngkids","oldkids","foreign","total_kids"
"1","no",10.787497,3,8,1,1,"no",2
"2","yes",10.524251,4.5,8,0,1,"no",1
"3","no",10.968578,4.6,9,0,0,"no",0
"4","no",11.104999,3.1,11,2,0,"no",2
"5","no",11.10847,4.4,12,0,2,"no",2
"6","yes",11.028254,4.2,12,0,1,"no",1
"7","no",11.454707,5.1,8,0,0,"no",0
"8","yes",10.490918,3.2,8,0,2,"no",2
"9","no",10.62474,3.9,12,0,0,"no",0
"10","no",10.48642,4.3,11,0,2,"no",2
"11","no",10.660618,4.5,11,0,2,"no",2
"12","no",10.467589,6,12,0,0,"no",0
"13","no",11.229592,3.3,11,2,0,"no",2
"14","no",11.906462,5.6,14,0,0,"no",0
"15","no",11.501562,5.6,11,0,0,"no",0
"16","no",11.293492,4.7,11,0,1,"no",1
"17","no",10.861253,5,8,0,0,"no",0
"18","yes",11.844049,3.9,12,0,0,"no",0
"19","no",11.048627,4.7,8,0,1,"no",1
"20","yes",10.957795,5.3,11,0,0,"no",0
"21","no",10.860134,2.9,19,0,0,"no",0
"22","yes",11.108121,4.6,11,0,1,"no",1
"23","no",10.84862,4.4,8,0,2,"no",2
"24","no",10.482397,2,12,1,0,"no",1
"25","yes",10.48404,5.4,8,0,0,"no",0
"26","yes",10.601204,4.7,8,0,0,"no",0
"27","no",10.540632,2.8,9,2,0,"no",2
"28","no",11.224276,4.7,8,0,1,"no",1
"29","yes",10.841085,4.9,12,0,0,"no",0
"30","no",10.566288,3,11,0,1,"no",1
"31","no",11.769593,5.1,11,0,0,"no",0
"32","no",10.667089,2.8,11,0,2,"no",2
"33","no",10.624627,5.4,11,0,0,"no",0
"34","no",10.537148,4.9,8,0,0,"no",0
"35","no",11.135636,5.3,10,0,0,"no",0
"36","no",10.315332,5.5,8,0,0,"no",0
"37","no",10.372655,2.4,11,1,0,"no",1
"38","no",11.507138,5,8,0,1,"no",1
"39","yes",11.156561,3.6,13,0,2,"no",2
"40","no",10.452933,2.3,9,1,0,"no",1
"41","yes",11.106286,4.1,12,0,2,"no",2
"42","no",10.657185,2.3,10,0,1,"no",1
"43","no",10.518618,3.8,10,0,2,"no",2
"44","no",10.699437,5.3,12,0,0,"no",0
"45","no",9.668874,4.5,12,0,1,"no",1
"46","no",10.922165,3.7,12,0,2,"no",2
"47","no",11.249361,3.6,15,2,0,"no",2
"48","no",10.051168,4.6,12,0,0,"no",0
"49","no",10.621104,3.1,10,1,1,"no",2
"50","yes",10.644639,4.2,10,0,2,"no",2
"51","no",10.419983,2.2,10,1,0,"no",1
"52","yes",10.466988,3.2,8,0,1,"no",1
"53","yes",10.478207,3.4,9,0,2,"no",2
"54","yes",10.435452,4.4,9,0,1,"no",1
"55","yes",10.427258,5.8,12,0,0,"no",0
"56","yes",10.471779,4.4,9,0,2,"no",2
"57","no",11.138516,5.5,9,0,0,"no",0
"58","no",10.31886,2.3,11,2,0,"no",2
"59","no",10.305638,6,15,0,0,"no",0
"60","no",10.864139,5,10,0,2,"no",2
"61","no",10.465655,5.9,9,0,0,"no",0
"62","no",10.2239,3.5,9,0,2,"no",2
"63","no",12.019113,6.1,13,0,0,"no",0
"64","yes",11.411158,4,13,0,2,"no",2
"65","no",10.51476,2.4,11,1,0,"no",1
"66","yes",10.493266,3.5,4,0,2,"no",2
"67","yes",10.71857,3.1,10,1,1,"no",2
"68","no",11.33689,6.1,12,0,0,"no",0
"69","yes",10.814724,5.5,10,0,1,"no",1
"70","no",10.316425,2,9,1,0,"no",1
"71","no",11.096651,3.1,15,1,0,"no",1
"72","yes",10.47289,3.5,9,0,2,"no",2
"73","no",10.588166,5.5,8,0,0,"no",0
"74","no",11.584711,3.5,11,1,2,"no",3
"75","no",10.618983,4.4,17,0,4,"no",4
"76","yes",10.517572,5.6,9,0,0,"no",0
"77","no",10.825584,3.4,10,0,2,"no",2
"78","yes",10.909947,4.3,8,0,0,"no",0
"79","yes",10.363575,2.4,12,0,0,"no",0
"80","yes",9.646148,5.4,8,0,0,"no",0
"81","no",10.157078,3.4,8,0,4,"no",4
"82","yes",10.279822,5.2,7,0,2,"no",2
"83","no",10.571089,3.4,8,1,3,"no",4
"84","no",10.763515,2.1,9,2,0,"no",2
"85","yes",10.540896,3.4,10,0,0,"no",0
"86","no",10.654575,2.2,9,1,0,"no",1
"87","no",10.852278,3.6,8,0,3,"no",3
"88","no",10.28561,3.2,10,1,3,"no",4
"89","no",11.338939,4.4,13,0,4,"no",4
"90","yes",11.235833,4.9,12,0,2,"no",2
"91","no",10.471702,4.9,14,0,2,"no",2
"92","no",10.787214,4.5,10,0,3,"no",3
"93","no",10.599964,2.8,10,1,1,"no",2
"94","no",10.280773,3.6,8,0,3,"no",3
"95","no",10.840751,5,8,0,2,"no",2
"96","no",11.052507,4.8,8,0,5,"no",5
"97","no",10.65334,4.5,7,0,2,"no",2
"98","no",10.338464,6.2,7,0,0,"no",0
"99","no",10.708192,3.3,12,2,0,"no",2
"100","yes",10.348194,4.8,8,0,0,"no",0
"101","yes",11.021232,3.8,10,0,3,"no",3
"102","yes",10.605906,4.6,7,0,1,"no",1
"103","yes",10.649509,3.8,10,0,1,"no",1
"104","yes",10.386903,5.6,7,0,0,"no",0
"105","yes",10.741169,3.9,13,0,3,"no",3
"106","no",10.541059,2.8,10,2,0,"no",2
"107","no",11.081039,4.6,10,0,3,"no",3
"108","yes",10.771101,2.7,10,0,0,"no",0
"109","no",12.285946,5.8,12,0,0,"no",0
"110","no",10.778364,2.7,12,2,0,"no",2
"111","no",10.669682,5.2,10,0,0,"no",0
"112","yes",10.784824,3.1,9,0,3,"no",3
"113","yes",11.269807,3.5,11,0,2,"no",2
"114","yes",11.34666,3.4,12,0,1,"no",1
"115","yes",10.825946,5.7,4,0,0,"no",0
"116","no",11.013918,4.4,10,0,2,"no",2
"117","no",9.574635,5.6,7,0,1,"no",1
"118","yes",10.528624,3.4,4,0,3,"no",3
"119","yes",10.741468,2.7,16,1,0,"no",1
"120","no",10.75483,4.4,9,0,3,"no",3
"121","yes",10.830751,3.3,12,2,0,"no",2
"122","no",10.490775,5.2,9,0,2,"no",2
"123","no",10.363387,2.6,8,1,0,"no",1
"124","no",10.812684,2.8,9,0,2,"no",2
"125","no",10.763303,4.6,8,2,1,"no",3
"126","yes",10.700171,4.2,9,0,2,"no",2
"127","no",10.446508,2.4,6,1,0,"no",1
"128","yes",10.449971,2.1,8,0,0,"no",0
"129","no",10.663366,5.8,4,0,0,"no",0
"130","yes",10.925736,4.7,8,0,4,"no",4
"131","no",10.865444,3.7,8,0,2,"no",2
"132","yes",11.41671,3.1,11,1,0,"no",1
"133","yes",10.819836,5.7,8,0,0,"no",0
"134","yes",10.963413,3.8,9,0,2,"no",2
"135","no",9.263988,2.2,13,1,0,"no",1
"136","yes",10.74062,4,8,0,2,"no",2
"137","no",11.329038,4,11,0,1,"no",1
"138","yes",11.175732,3.5,9,0,2,"no",2
"139","no",11.1317,3.7,9,0,2,"no",2
"140","yes",10.666515,5.4,12,0,0,"no",0
"141","no",11.086339,5.2,10,0,0,"no",0
"142","yes",10.569454,3.1,11,0,2,"no",2
"143","no",11.03635,4.6,10,0,2,"no",2
"144","no",10.740618,4.4,6,1,1,"no",2
"145","no",10.620524,2.5,10,1,0,"no",1
"146","no",10.871253,2.7,9,1,0,"no",1
"147","yes",10.664763,4.5,9,0,1,"no",1
"148","no",11.86487,3.1,15,0,2,"no",2
"149","yes",10.639207,3.1,13,0,2,"no",2
"150","yes",10.665111,3.4,14,0,2,"no",2
"151","yes",10.937405,3.7,11,0,2,"no",2
"152","yes",11.115698,5.1,8,0,0,"no",0
"153","no",10.392553,5.2,9,0,0,"no",0
"154","no",10.916087,3.4,8,0,2,"no",2
"155","yes",10.530598,4.5,11,0,2,"no",2
"156","yes",11.049862,2.6,14,1,0,"no",1
"157","no",10.961591,4,9,0,1,"no",1
"158","no",10.782629,4.4,10,0,2,"no",2
"159","no",10.893155,2.8,13,2,0,"no",2
"160","no",10.637464,4.1,8,1,3,"no",4
"161","no",10.804152,5.8,10,0,0,"no",0
"162","no",10.881099,3.5,10,0,1,"no",1
"163","no",11.995501,5.6,12,0,0,"no",0
"164","yes",11.216231,4,13,0,4,"no",4
"165","no",10.510004,3.4,9,1,1,"no",2
"166","no",10.459609,2.9,14,1,1,"no",2
"167","yes",10.763969,3.7,13,0,2,"no",2
"168","yes",10.755772,2.6,12,0,0,"no",0
"169","no",10.689363,4.3,8,0,3,"no",3
"170","yes",11.065612,3.8,9,0,3,"no",3
"171","yes",10.693192,4.7,8,0,1,"no",1
"172","no",10.604953,5.3,8,0,3,"no",3
"173","no",10.401214,5.4,8,0,0,"no",0
"174","no",10.61778,3.9,11,2,0,"no",2
"175","yes",10.833661,3.4,10,0,0,"no",0
"176","no",10.02621,5.4,8,0,1,"no",1
"177","no",10.746228,3.1,9,2,0,"no",2
"178","no",10.933002,3.5,8,0,4,"no",4
"179","yes",10.84025,3.7,12,1,1,"no",2
"180","no",10.714731,4,8,0,2,"no",2
"181","no",10.612391,2.4,8,2,0,"no",2
"182","no",11.07683,3.3,12,1,0,"no",1
"183","yes",11.128016,4.9,9,0,3,"no",3
"184","no",10.522886,3,12,0,2,"no",2
"185","no",10.659896,6.1,9,0,0,"no",0
"186","no",11.733083,3.2,13,2,1,"no",3
"187","no",10.91997,3.9,8,0,5,"no",5
"188","no",10.514121,4,8,0,2,"no",2
"189","no",11.069464,2.7,10,0,2,"no",2
"190","no",10.619196,2,9,1,0,"no",1
"191","no",10.562078,4.3,11,0,2,"no",2
"192","yes",10.905702,3.2,13,1,1,"no",2
"193","no",10.95099,3.4,11,0,2,"no",2
"194","yes",10.50612,4.6,8,0,2,"no",2
"195","no",11.047871,4.4,5,0,1,"no",1
"196","no",10.574165,3.6,8,0,3,"no",3
"197","yes",11.193011,4.5,12,0,2,"no",2
"198","no",10.984266,3.3,12,1,0,"no",1
"199","no",11.334915,5.5,4,0,0,"no",0
"200","no",10.851937,3.6,12,0,2,"no",2
"201","yes",10.404555,3.7,8,0,0,"no",0
"202","no",10.988086,3.9,11,0,2,"no",2
"203","no",10.864314,5.3,8,0,0,"no",0
"204","no",10.523238,2.2,9,1,0,"no",1
"205","no",10.820928,3.3,12,0,2,"no",2
"206","yes",10.162354,4,10,0,0,"no",0
"207","no",11.198758,5.7,12,0,0,"no",0
"208","no",11.225668,2.9,10,1,2,"no",3
"209","yes",10.893887,4.7,8,0,0,"no",0
"210","yes",10.641333,4.1,10,0,0,"no",0
"211","no",10.850221,4.1,8,0,2,"no",2
"212","yes",10.660521,3.1,12,0,0,"no",0
"213","no",11.349021,4.3,12,0,1,"no",1
"214","no",11.242483,5.1,8,0,1,"no",1
"215","yes",11.159617,3.6,10,0,2,"no",2
"216","yes",10.911874,3.9,10,0,1,"no",1
"217","yes",10.507997,3,8,0,2,"no",2
"218","no",10.975945,3,21,2,0,"no",2
"219","no",10.368614,2.4,2,0,0,"no",0
"220","no",10.567141,4.9,8,0,1,"no",1
"221","no",10.445417,4.9,9,0,0,"no",0
"222","no",10.518592,3,8,0,2,"no",2
"223","yes",10.700863,4,9,0,4,"no",4
"224","no",10.596668,4.4,6,0,0,"no",0
"225","no",11.197492,2.9,13,1,1,"no",2
"226","no",10.939767,2.8,13,1,0,"no",1
"227","yes",10.557954,4.3,10,0,1,"no",1
"228","no",10.75464,2.9,10,2,2,"no",4
"229","yes",10.464695,4.4,7,1,1,"no",2
"230","no",10.954447,4.2,12,0,3,"no",3
"231","yes",10.800645,4.5,8,0,6,"no",6
"232","no",9.774489,5.7,8,0,1,"no",1
"233","no",11.043071,5.1,8,0,0,"no",0
"234","yes",10.949314,4.4,11,0,1,"no",1
"235","no",10.015288,5.5,7,0,2,"no",2
"236","no",11.499515,5.5,14,0,0,"no",0
"237","yes",10.606732,4.8,10,0,1,"no",1
"238","no",10.647289,4.5,9,0,3,"no",3
"239","no",10.513616,5.4,11,0,0,"no",0
"240","no",11.226845,5.6,12,0,0,"no",0
"241","yes",10.698781,3.3,13,2,0,"no",2
"242","no",10.873052,4,10,0,3,"no",3
"243","no",10.518034,5.4,7,0,2,"no",2
"244","no",10.398972,5.6,4,0,0,"no",0
"245","no",11.12097,4,9,0,2,"no",2
"246","yes",10.160162,4.2,8,0,3,"no",3
"247","no",11.189876,5,14,0,1,"no",1
"248","yes",10.580379,4.9,9,0,0,"no",0
"249","no",10.807338,5.8,8,0,0,"no",0
"250","yes",9.761367,5.8,8,0,0,"no",0
"251","no",10.67489,5.7,4,0,0,"no",0
"252","no",10.688645,5.4,4,0,0,"no",0
"253","no",10.185521,5.9,8,0,0,"no",0
"254","yes",11.672285,5.1,18,0,1,"no",1
"255","no",10.795038,2.6,12,1,0,"no",1
"256","yes",10.972098,4.3,10,0,2,"no",2
"257","no",10.556449,3.8,9,0,2,"no",2
"258","yes",10.704404,3.9,8,0,2,"no",2
"259","yes",10.428636,5.3,9,0,0,"no",0
"260","no",11.051191,3.8,10,0,1,"no",1
"261","yes",10.851682,4.8,7,0,0,"no",0
"262","yes",10.482903,4.1,9,0,0,"no",0
"263","no",10.788455,5.5,12,0,0,"no",0
"264","no",10.535781,3,13,1,0,"no",1
"265","yes",10.131345,5.8,8,0,0,"no",0
"266","no",10.413317,2.8,8,2,0,"no",2
"267","yes",10.550204,3.6,15,0,0,"no",0
"268","no",10.678824,5,4,0,1,"no",1
"269","no",10.845567,2.7,10,1,1,"no",2
"270","yes",10.326767,5.5,8,0,0,"no",0
"271","no",10.756853,2.8,12,1,0,"no",1
"272","yes",10.687163,4.5,8,0,2,"no",2
"273","yes",10.69541,3.9,4,0,0,"no",0
"274","yes",10.447811,3,9,0,1,"no",1
"275","yes",11.010256,5.3,8,0,0,"no",0
"276","no",10.704237,2.3,10,2,0,"no",2
"277","no",10.913541,5.8,13,0,0,"no",0
"278","no",10.23621,4.4,9,0,1,"no",1
"279","no",11.76194,5.2,9,0,1,"no",1
"280","no",10.485152,2.4,12,1,0,"no",1
"281","yes",11.147722,4.8,9,0,0,"no",0
"282","no",11.153504,3.8,11,0,2,"no",2
"283","no",10.645516,5.6,11,0,0,"no",0
"284","yes",10.777797,5,8,0,0,"no",0
"285","yes",10.986342,4.3,14,0,3,"no",3
"286","no",10.628565,2.8,10,0,2,"no",2
"287","no",10.916267,5.6,12,0,0,"no",0
"288","yes",10.702699,3.6,12,0,2,"no",2
"289","no",10.952528,4.7,11,0,1,"no",1
"290","yes",10.382414,3.7,11,0,0,"no",0
"291","no",10.698292,4.6,11,0,0,"no",0
"292","no",11.051727,5.7,9,0,0,"no",0
"293","no",10.656841,3.3,10,0,2,"no",2
"294","no",10.554549,4.7,8,0,2,"no",2
"295","no",11.692279,4.5,14,0,2,"no",2
"296","yes",11.472848,4.2,13,0,3,"no",3
"297","no",11.656427,3.3,11,2,2,"no",4
"298","yes",10.696645,4.5,12,0,2,"no",2
"299","yes",10.839479,3.9,9,0,1,"no",1
"300","yes",10.795194,3.3,10,0,3,"no",3
"301","yes",10.379617,2.9,4,1,1,"no",2
"302","yes",10.886384,4.4,13,0,2,"no",2
"303","no",11.363417,3.3,15,0,3,"no",3
"304","no",11.132031,2.6,11,1,0,"no",1
"305","yes",10.899869,3.2,12,0,0,"no",0
"306","no",11.160232,2.9,12,1,2,"no",3
"307","yes",10.058137,6,9,0,0,"no",0
"308","yes",10.73593,3.9,11,0,2,"no",2
"309","yes",9.680395,4.7,9,0,0,"no",0
"310","no",11.150011,3.4,8,0,3,"no",3
"311","yes",7.186901,5.7,12,0,0,"no",0
"312","no",10.762847,3.3,12,0,2,"no",2
"313","no",10.641994,5.6,8,0,0,"no",0
"314","yes",10.821105,5.5,9,0,0,"no",0
"315","no",11.697144,3.7,13,0,3,"no",3
"316","yes",10.867016,5.4,8,0,0,"no",0
"317","yes",11.597597,3.3,14,1,2,"no",3
"318","no",11.34655,5.2,4,0,1,"no",1
"319","yes",10.440166,2.5,13,0,0,"no",0
"320","yes",10.786756,4.7,8,0,1,"no",1
"321","no",10.693526,4.2,9,0,2,"no",2
"322","no",10.639603,3.1,12,0,2,"no",2
"323","no",10.391253,3,11,1,0,"no",1
"324","no",11.094102,5.8,4,0,0,"no",0
"325","yes",9.952297,5.7,15,0,0,"no",0
"326","no",10.881145,6,8,0,0,"no",0
"327","yes",10.945509,4.4,11,0,1,"no",1
"328","no",10.723123,2.6,8,1,2,"no",3
"329","yes",10.778036,5.9,12,0,0,"no",0
"330","no",10.410974,2.1,12,1,0,"no",1
"331","yes",10.331526,5,9,0,0,"no",0
"332","no",11.038619,4.5,9,0,0,"no",0
"333","no",10.427884,4.4,8,0,1,"no",1
"334","no",9.903508,2.4,8,1,0,"no",1
"335","no",10.415019,3.1,10,0,1,"no",1
"336","no",11.552967,4.7,7,0,1,"no",1
"337","no",10.726891,4.9,7,0,1,"no",1
"338","yes",10.719912,4.5,3,0,4,"no",4
"339","yes",10.635413,3.6,9,0,3,"no",3
"340","yes",10.607927,4.3,8,0,1,"no",1
"341","yes",10.89815,5.7,8,0,0,"no",0
"342","no",10.564245,2.8,10,0,1,"no",1
"343","no",11.0089,4.3,12,1,0,"no",1
"344","no",10.966264,5.7,11,0,1,"no",1
"345","no",11.094889,5.1,8,0,0,"no",0
"346","no",10.949635,2.7,12,1,0,"no",1
"347","no",11.142022,3.2,14,3,0,"no",3
"348","yes",10.955511,3.8,12,0,1,"no",1
"349","no",9.999619,6.1,11,0,0,"no",0
"350","yes",10.883356,3.3,11,2,0,"no",2
"351","yes",10.725962,4.4,11,0,0,"no",0
"352","no",10.379433,4.2,8,0,0,"no",0
"353","yes",10.517781,5.9,8,0,0,"no",0
"354","no",10.960598,3.4,8,0,1,"no",1
"355","no",11.017487,2.6,13,1,1,"no",2
"356","no",10.630611,3.1,11,1,1,"no",2
"357","no",10.879928,4.1,9,0,1,"no",1
"358","no",10.556337,5.6,11,0,0,"no",0
"359","no",10.873372,3.6,12,0,2,"no",2
"360","no",10.974541,4.7,12,0,0,"no",0
"361","no",11.213668,3.8,12,0,3,"no",3
"362","no",10.565516,3.9,9,1,2,"no",3
"363","no",10.757045,5.2,8,0,1,"no",1
"364","yes",10.218074,4.3,4,0,0,"no",0
"365","yes",10.771807,4.9,11,0,0,"no",0
"366","no",10.645901,3.1,16,1,2,"no",3
"367","yes",10.609652,3.8,11,0,2,"no",2
"368","no",10.497103,4.9,4,0,0,"no",0
"369","yes",11.286425,3.6,11,0,2,"no",2
"370","yes",10.713582,2.8,10,1,1,"no",2
"371","no",11.080241,3.1,12,2,0,"no",2
"372","yes",10.765547,3.9,12,0,2,"no",2
"373","no",11.787341,3.8,14,0,2,"no",2
"374","no",11.404879,5.4,13,0,0,"no",0
"375","yes",10.593832,4.5,12,0,1,"no",1
"376","yes",10.56617,2.7,8,0,0,"no",0
"377","yes",11.153773,4.3,9,0,0,"no",0
"378","no",10.644508,6.1,8,0,0,"no",0
"379","yes",10.962912,3,15,1,1,"no",2
"380","yes",10.952085,2.6,10,1,2,"no",3
"381","yes",11.006509,5.1,12,0,0,"no",0
"382","no",10.50368,5.9,9,0,0,"no",0
"383","no",10.522554,5.8,14,0,0,"no",0
"384","yes",10.443773,3.1,11,0,0,"no",0
"385","no",10.363842,5.9,4,0,0,"no",0
"386","no",10.868344,4.1,9,0,1,"no",1
"387","no",10.708355,2.5,10,1,0,"no",1
"388","yes",10.959935,4.5,11,0,4,"no",4
"389","no",10.545824,2.3,12,0,0,"no",0
"390","yes",10.635506,4.2,10,0,2,"no",2
"391","no",10.674844,3.3,8,0,2,"no",2
"392","no",10.600635,4.6,8,0,1,"no",1
"393","no",10.261245,3,4,2,0,"no",2
"394","yes",10.618609,3.6,10,0,4,"no",4
"395","yes",10.084304,2.5,12,0,0,"no",0
"396","yes",11.232703,4.1,12,0,2,"no",2
"397","yes",10.614631,2.1,10,0,0,"no",0
"398","yes",10.891872,3.8,12,0,0,"no",0
"399","no",10.987128,3.4,9,0,3,"no",3
"400","yes",10.901279,5.5,8,0,0,"no",0
"401","no",10.996947,4.3,11,0,2,"no",2
"402","no",10.573843,5.9,8,0,0,"no",0
"403","yes",10.530697,3.8,12,0,2,"no",2
"404","yes",10.750773,4.3,9,0,0,"no",0
"405","yes",10.303822,2.2,8,0,0,"no",0
"406","yes",11.071775,3.6,11,0,2,"no",2
"407","yes",10.933235,2.8,9,0,1,"no",1
"408","no",10.765986,3,9,1,1,"no",2
"409","yes",10.808117,5.1,11,0,0,"no",0
"410","yes",11.130052,4.4,9,0,0,"no",0
"411","yes",10.139643,2,11,0,0,"no",0
"412","yes",10.446164,4.7,12,0,0,"no",0
"413","yes",10.497118,4.1,7,0,0,"no",0
"414","no",10.502569,4.2,8,0,2,"no",2
"415","no",10.813208,3.1,10,0,0,"no",0
"416","yes",10.819643,6.1,4,0,0,"no",0
"417","no",10.965238,3.7,8,0,2,"no",2
"418","no",10.94079,3.8,12,0,2,"no",2
"419","no",10.698575,2.8,12,1,1,"no",2
"420","no",10.557849,2,12,1,0,"no",1
"421","no",10.869824,5.1,8,0,0,"no",0
"422","yes",10.486398,2.1,9,0,0,"no",0
"423","no",10.651588,2.2,12,1,0,"no",1
"424","yes",10.741222,2.6,9,0,0,"no",0
"425","no",10.63413,5.7,9,0,0,"no",0
"426","yes",10.576883,3.4,9,0,2,"no",2
"427","no",11.29929,2.8,12,0,0,"no",0
"428","yes",10.480109,3.2,10,2,0,"no",2
"429","no",10.453177,2.1,14,1,0,"no",1
"430","yes",10.471801,3.8,9,0,1,"no",1
"431","no",9.743722,6.1,4,0,0,"no",0
"432","no",10.639916,4.3,9,0,0,"no",0
"433","no",10.621275,2.8,12,3,1,"no",4
"434","yes",10.842806,2.7,11,1,0,"no",1
"435","no",11.257013,3.4,17,1,0,"no",1
"436","yes",10.245578,4,9,0,6,"no",6
"437","no",10.954252,4.9,9,0,0,"no",0
"438","no",10.986144,3.1,11,2,0,"no",2
"439","no",10.479591,2.6,10,2,0,"no",2
"440","yes",10.616295,4,6,0,3,"no",3
"441","yes",10.464226,3.7,8,0,3,"no",3
"442","no",10.482289,2.1,11,1,0,"no",1
"443","yes",10.692477,3.3,9,0,3,"no",3
"444","yes",10.110817,3.4,16,0,2,"no",2
"445","yes",10.775342,2.3,12,0,0,"no",0
"446","yes",10.511332,3.9,8,0,3,"no",3
"447","no",10.908272,5.2,10,0,1,"no",1
"448","no",11.270174,3.5,3,0,2,"no",2
"449","no",11.305993,5.6,12,0,0,"no",0
"450","no",11.344299,5.1,10,0,0,"no",0
"451","yes",10.563152,4.3,9,0,1,"no",1
"452","yes",10.758702,5.2,8,0,0,"no",0
"453","no",10.77885,4.9,10,0,0,"no",0
"454","yes",10.779335,3.6,10,0,2,"no",2
"455","yes",10.517219,2.3,15,0,0,"no",0
"456","no",11.410587,4.2,5,0,2,"no",2
"457","no",10.5381,5.8,8,0,0,"no",0
"458","no",10.406401,5.7,9,0,0,"no",0
"459","no",10.924246,3.4,12,0,2,"no",2
"460","no",10.549157,5.6,13,0,0,"no",0
"461","no",10.835671,5.8,10,0,0,"no",0
"462","no",10.43276,6,12,0,0,"no",0
"463","yes",11.244346,4.9,11,0,0,"no",0
"464","yes",10.714287,5,12,0,0,"no",0
"465","no",11.07037,4.1,12,0,2,"no",2
"466","no",11.762758,4.6,12,0,1,"no",1
"467","yes",10.560963,2.8,12,2,0,"no",2
"468","yes",10.706676,3.3,13,0,0,"no",0
"469","no",10.741618,3.3,12,0,1,"no",1
"470","yes",10.465761,2.7,13,1,1,"no",2
"471","no",10.850747,5.1,10,0,0,"no",0
"472","yes",10.507702,5.1,5,0,1,"no",1
"473","no",10.205067,6,9,0,0,"no",0
"474","no",10.722933,2.9,12,2,0,"no",2
"475","yes",10.699512,2.8,14,0,2,"no",2
"476","yes",10.935753,3.5,12,0,2,"no",2
"477","no",12.247989,3.5,16,1,2,"no",3
"478","no",10.840948,4.8,9,0,0,"no",0
"479","no",10.809457,3.2,10,0,2,"no",2
"480","yes",11.275831,3.5,12,0,2,"no",2
"481","yes",10.659463,2.7,5,1,0,"no",1
"482","yes",10.520523,2.6,13,2,0,"no",2
"483","yes",10.539925,3.6,16,0,1,"no",1
"484","no",11.121529,4,11,0,4,"no",4
"485","no",10.109396,2.6,7,2,0,"no",2
"486","yes",10.494469,2,12,0,0,"no",0
"487","no",10.711324,3.9,10,1,3,"no",4
"488","no",10.446385,2.8,9,1,0,"no",1
"489","yes",10.852547,4.2,14,0,2,"no",2
"490","no",10.805715,2.3,12,1,0,"no",1
"491","no",10.628192,2.4,9,2,0,"no",2
"492","no",10.49979,2.5,16,2,0,"no",2
"493","yes",10.723695,3.4,12,0,1,"no",1
"494","no",10.999623,3.7,9,0,2,"no",2
"495","yes",10.261038,4.9,15,0,0,"no",0
"496","yes",9.866105,3.6,9,0,2,"no",2
"497","yes",10.580137,3.7,8,0,2,"no",2
"498","yes",10.550487,2.8,13,1,1,"no",2
"499","yes",10.627829,4.3,5,0,2,"no",2
"500","yes",10.4651,5.2,5,0,0,"no",0
"501","yes",10.465806,3.5,13,0,2,"no",2
"502","no",10.630966,5.5,10,0,0,"no",0
"503","no",10.434609,5.7,5,0,0,"no",0
"504","no",10.625388,4.4,9,0,2,"no",2
"505","no",10.680572,2.5,10,2,0,"no",2
"506","yes",10.892263,3.8,14,0,3,"no",3
"507","yes",10.230812,3.7,9,0,1,"no",1
"508","no",10.948595,4.9,8,0,1,"no",1
"509","no",10.878098,4.6,10,0,0,"no",0
"510","yes",10.521214,2.7,13,0,1,"no",1
"511","yes",10.143847,5.1,9,0,0,"no",0
"512","yes",10.590745,4.8,11,0,2,"no",2
"513","no",10.49173,2.6,11,1,2,"no",3
"514","yes",9.555266,4.4,13,0,0,"no",0
"515","no",10.738894,5,11,0,0,"no",0
"516","no",10.625338,4.8,6,0,0,"no",0
"517","yes",10.729806,4.1,10,0,2,"no",2
"518","yes",11.3456,3.8,12,0,0,"no",0
"519","yes",10.881607,3.5,13,0,1,"no",1
"520","yes",10.738787,4.2,15,0,1,"no",1
"521","yes",10.63154,4.5,11,0,2,"no",2
"522","yes",10.513256,4.4,9,0,1,"no",1
"523","no",10.930967,5.6,12,0,0,"no",0
"524","yes",11.219622,2.9,13,1,0,"no",1
"525","yes",10.705048,4.6,12,0,1,"no",1
"526","no",10.673697,3.3,11,1,1,"no",2
"527","no",11.045694,2.8,14,1,1,"no",2
"528","no",10.832491,5,14,0,0,"no",0
"529","yes",10.761609,2.7,14,0,0,"no",0
"530","yes",10.724068,3.8,11,0,0,"no",0
"531","no",10.623711,5,5,0,0,"no",0
"532","yes",10.494012,2.1,11,1,0,"no",1
"533","no",10.452885,2.4,7,1,1,"no",2
"534","no",10.09352,5.5,9,0,0,"no",0
"535","no",11.456245,3.8,11,0,2,"no",2
"536","no",10.850163,3.3,7,0,2,"no",2
"537","no",10.813476,6,10,0,0,"no",0
"538","no",10.763189,5.3,6,0,0,"no",0
"539","no",11.02583,2.9,11,1,0,"no",1
"540","yes",10.077104,4,10,0,1,"no",1
"541","yes",10.66022,3.9,12,0,2,"no",2
"542","yes",10.801198,3.4,14,1,1,"no",2
"543","yes",10.59889,4.8,4,0,1,"no",1
"544","yes",10.449333,3.5,13,0,0,"no",0
"545","no",11.346352,3,9,1,0,"no",1
"546","no",11.659979,2.5,11,1,0,"no",1
"547","no",9.937027,5.9,9,0,0,"no",0
"548","no",11.064019,5.1,19,0,2,"no",2
"549","no",10.5383,3.9,9,0,2,"no",2
"550","no",10.69059,5.9,10,0,0,"no",0
"551","no",10.65591,4,8,0,2,"no",2
"552","no",9.398499,3.6,8,1,0,"no",1
"553","no",10.649899,4.8,8,0,2,"no",2
"554","no",10.526564,2.1,11,1,0,"no",1
"555","no",10.236696,5.8,5,0,0,"no",0
"556","no",10.225496,6,8,0,0,"no",0
"557","no",11.047337,4.8,11,0,1,"no",1
"558","yes",11.304028,3.5,13,0,1,"no",1
"559","no",10.554331,4.9,11,0,0,"no",0
"560","yes",10.260208,4.4,7,0,1,"no",1
"561","no",11.383919,4.7,13,0,0,"no",0
"562","no",10.737768,5.3,8,0,0,"no",0
"563","no",10.888288,4.6,12,0,2,"no",2
"564","no",11.816648,5.4,13,0,2,"no",2
"565","no",9.994667,5.9,11,0,0,"no",0
"566","no",10.754622,5.7,10,0,0,"no",0
"567","no",10.44249,4.2,5,0,0,"no",0
"568","no",10.009821,6.2,11,0,0,"no",0
"569","no",10.583045,4.6,4,0,2,"no",2
"570","no",10.811378,3.5,12,0,2,"no",2
"571","no",10.958915,3.2,12,2,0,"no",2
"572","no",9.946032,3.5,12,0,2,"no",2
"573","no",10.498668,4,11,0,2,"no",2
"574","yes",10.5957,2.5,14,0,0,"no",0
"575","no",10.525842,4,12,0,1,"no",1
"576","no",10.783294,2.9,10,0,0,"no",0
"577","no",11.11614,3.7,11,0,2,"no",2
"578","no",11.151357,5.3,5,0,1,"no",1
"579","no",9.824778,6,9,0,0,"no",0
"580","yes",9.895686,4.2,9,0,3,"no",3
"581","no",10.655496,3.2,12,0,3,"no",3
"582","no",9.763989,5.9,5,0,0,"no",0
"583","yes",9.878902,4.5,8,0,1,"no",1
"584","no",11.134995,5.1,8,0,1,"no",1
"585","yes",10.401523,3.5,8,0,0,"no",0
"586","no",10.749253,2.8,11,0,0,"no",0
"587","no",10.333153,5.7,5,0,0,"no",0
"588","yes",10.823801,2.6,7,1,0,"no",1
"589","yes",10.321485,4.2,5,0,0,"no",0
"590","no",10.656044,3.1,12,1,1,"no",2
"591","no",10.657436,5.5,8,0,0,"no",0
"592","no",10.846169,4.2,15,0,2,"no",2
"593","no",11.078196,4,11,0,3,"no",3
"594","no",10.453034,4.7,11,0,0,"no",0
"595","no",10.654172,4.7,9,0,1,"no",1
"596","yes",10.646433,2.6,13,1,0,"no",1
"597","no",11.280745,4.4,9,1,0,"no",1
"598","no",10.583034,2.3,9,0,1,"no",1
"599","no",10.871061,5,8,0,0,"no",0
"600","no",10.263108,5.8,12,0,0,"no",0
"601","yes",11.067098,4,9,0,2,"no",2
"602","yes",10.517282,3.3,12,0,2,"no",2
"603","yes",11.172825,3,15,0,0,"no",0
"604","no",10.596755,3.1,12,1,0,"no",1
"605","no",11.797981,3.1,12,2,0,"no",2
"606","yes",10.552378,3.3,9,1,1,"no",2
"607","no",10.794188,3.5,12,0,2,"no",2
"608","yes",10.139508,2.6,11,0,0,"no",0
"609","no",10.855759,2.4,14,1,0,"no",1
"610","no",10.96235,6.1,5,0,0,"no",0
"611","no",10.757639,2.9,10,0,1,"no",1
"612","yes",9.554492,5.9,8,0,0,"no",0
"613","no",10.505683,2.7,12,1,0,"no",1
"614","no",9.855987,6.2,11,0,0,"no",0
"615","yes",10.790935,4.4,12,0,0,"no",0
"616","yes",10.652796,3.6,10,0,0,"no",0
"617","no",10.539981,4,11,0,2,"no",2
"618","no",11.339795,4.8,10,0,1,"no",1
"619","yes",11.224238,3.5,16,0,2,"no",2
"620","no",11.109163,3.2,12,1,1,"no",2
"621","no",10.866395,3.2,12,1,0,"no",1
"622","no",11.186703,4.9,8,0,0,"no",0
"623","yes",10.192269,4.3,11,0,1,"no",1
"624","no",12.37565,3.9,12,0,4,"no",4
"625","no",10.472476,2.7,11,1,1,"no",2
"626","no",12.281528,4.2,12,0,3,"no",3
"627","no",10.537006,5.6,12,0,1,"no",1
"628","no",10.899256,3.1,13,0,3,"no",3
"629","yes",10.658714,3.7,4,0,2,"no",2
"630","no",10.441724,3.8,8,0,1,"no",1
"631","no",10.407655,5.1,8,0,0,"no",0
"632","no",10.694172,5,9,0,0,"no",0
"633","no",9.886124,6,5,0,0,"no",0
"634","yes",10.479397,3.5,9,0,2,"no",2
"635","yes",11.072008,3.5,11,0,2,"no",2
"636","yes",10.455375,4.5,8,0,2,"no",2
"637","no",10.657366,2.4,11,2,0,"no",2
"638","no",10.452542,3.5,8,1,1,"no",2
"639","yes",10.408072,3.2,17,1,0,"no",1
"640","yes",10.242023,3.3,12,0,2,"no",2
"641","no",10.594236,4.6,8,0,1,"no",1
"642","no",11.764058,5,5,0,2,"no",2
"643","no",10.828298,3.2,12,0,0,"no",0
"644","no",10.255769,5.8,8,0,0,"no",0
"645","no",10.703698,4.1,8,0,2,"no",2
"646","no",10.915251,3.4,6,0,2,"no",2
"647","no",10.522782,2.1,4,1,0,"no",1
"648","no",10.271325,5.6,13,0,0,"no",0
"649","no",10.226447,3.4,8,0,3,"no",3
"650","no",10.265912,3.7,10,0,1,"no",1
"651","no",11.016894,3.1,12,0,1,"no",1
"652","no",10.607904,2.2,11,1,0,"no",1
"653","no",10.711562,3.2,11,1,1,"no",2
"654","yes",10.83166,4.1,8,0,3,"no",3
"655","no",10.759536,3.7,12,0,4,"no",4
"656","no",10.591802,2.9,10,0,0,"no",0
"657","yes",10.616046,4.6,9,0,1,"yes",1
"658","yes",10.391358,2.6,7,2,0,"yes",2
"659","yes",10.795493,4.4,9,0,0,"yes",0
"660","yes",10.38051,4.8,4,0,0,"yes",0
"661","yes",10.564662,3.4,4,0,3,"yes",3
"662","no",10.698279,3.4,12,1,2,"yes",3
"663","no",10.610146,4.8,5,0,0,"yes",0
"664","yes",10.684275,2.8,6,1,2,"yes",3
"665","yes",10.626887,3.2,5,0,2,"yes",2
"666","yes",10.409648,5,4,0,3,"yes",3
"667","yes",10.543944,3.6,5,2,1,"yes",3
"668","yes",11.22967,5,12,0,0,"yes",0
"669","no",10.503701,2.5,11,2,0,"yes",2
"670","yes",10.696332,3,11,3,0,"yes",3
"671","yes",10.421497,2.5,5,0,2,"yes",2
"672","yes",10.59306,3.2,8,1,1,"yes",2
"673","yes",10.531076,2.9,10,1,1,"yes",2
"674","no",10.5864,4.4,7,0,2,"yes",2
"675","yes",10.447639,4,5,0,3,"yes",3
"676","no",10.633358,5.2,12,0,0,"yes",0
"677","yes",10.619115,2.7,8,2,1,"yes",3
"678","yes",10.814894,3.2,8,0,1,"yes",1
"679","no",10.633692,3,12,2,0,"yes",2
"680","yes",10.495332,4,5,0,1,"yes",1
"681","yes",10.69087,4.7,4,0,0,"yes",0
"682","yes",10.389276,4.8,4,0,1,"yes",1
"683","yes",10.506461,3.6,6,0,1,"yes",1
"684","yes",10.806028,3.8,10,0,1,"yes",1
"685","yes",10.605672,3.8,3,0,1,"yes",1
"686","no",10.439596,4.8,11,0,0,"yes",0
"687","yes",10.422506,4.1,7,0,0,"yes",0
"688","yes",10.436939,3.9,4,0,2,"yes",2
"689","no",10.630927,3.1,9,2,0,"yes",2
"690","no",10.945442,3.2,7,0,2,"yes",2
"691","no",10.902927,4.1,4,1,1,"yes",2
"692","yes",10.706151,3.6,5,0,2,"yes",2
"693","yes",10.56807,3.8,3,0,3,"yes",3
"694","yes",10.255037,5.7,3,0,0,"yes",0
"695","yes",10.577855,3.4,8,0,2,"yes",2
"696","yes",10.562634,4.2,5,0,3,"yes",3
"697","yes",10.89776,3.2,11,0,0,"yes",0
"698","yes",10.181681,4.8,5,0,2,"yes",2
"699","yes",10.391575,2.2,9,2,0,"yes",2
"700","no",10.551271,3.1,8,0,2,"yes",2
"701","yes",10.573802,2.6,4,0,0,"yes",0
"702","yes",10.688289,4.3,11,0,1,"yes",1
"703","yes",10.486849,4.4,4,0,2,"yes",2
"704","yes",10.108172,4.5,4,0,1,"yes",1
"705","yes",10.638368,2.9,5,1,1,"yes",2
"706","yes",10.368427,4.6,4,0,0,"yes",0
"707","yes",10.678598,3.1,5,1,1,"yes",2
"708","yes",10.599005,2.1,11,0,0,"yes",0
"709","yes",11.165198,4.1,12,0,1,"yes",1
"710","no",10.614234,2.8,8,1,2,"yes",3
"711","no",10.705376,3.9,2,1,0,"yes",1
"712","yes",10.433034,4.5,3,0,1,"yes",1
"713","no",10.321651,4.9,4,0,1,"yes",1
"714","yes",10.574284,4.2,10,0,2,"yes",2
"715","no",9.737393,5.9,4,0,0,"yes",0
"716","yes",10.599734,5.4,5,0,0,"yes",0
"717","yes",10.277369,3.3,7,0,3,"yes",3
"718","no",10.472802,2.4,9,1,1,"yes",2
"719","yes",10.349497,3.5,5,0,0,"yes",0
"720","yes",10.559267,4.9,8,0,0,"yes",0
"721","no",10.587798,4.8,5,1,2,"yes",3
"722","yes",10.363468,4.1,5,0,0,"yes",0
"723","yes",10.422002,3.7,5,0,2,"yes",2
"724","yes",10.472802,3.8,9,0,4,"yes",4
"725","yes",10.56164,4.2,7,0,1,"yes",1
"726","no",11.587482,4.6,11,0,1,"yes",1
"727","yes",10.460904,3.3,5,0,2,"yes",2
"728","no",11.600476,5.5,15,0,0,"yes",0
"729","yes",10.464381,5,5,0,2,"yes",2
"730","yes",10.379642,2.2,6,1,0,"yes",1
"731","no",10.501483,4,5,0,2,"yes",2
"732","no",10.506813,4.7,5,0,1,"yes",1
"733","yes",10.628378,5,10,0,0,"yes",0
"734","yes",10.610259,2.8,8,0,2,"yes",2
"735","no",10.612646,3.9,5,0,3,"yes",3
"736","yes",10.696993,3.6,12,0,2,"yes",2
"737","yes",10.710382,3.9,4,0,2,"yes",2
"738","yes",10.437066,4.8,4,0,0,"yes",0
"739","no",10.568229,2.9,5,2,0,"yes",2
"740","yes",10.558129,4.6,5,0,0,"yes",0
"741","yes",10.378959,5.8,5,0,0,"yes",0
"742","no",10.476105,2.5,5,1,0,"yes",1
"743","no",10.603369,2.9,5,1,2,"yes",3
"744","yes",10.49096,2.1,11,0,0,"yes",0
"745","yes",10.600079,3.1,5,0,1,"yes",1
"746","yes",10.536475,3.5,4,0,2,"yes",2
"747","yes",10.831383,3,5,0,2,"yes",2
"748","yes",10.461597,3.1,8,1,0,"yes",1
"749","yes",10.49143,3.4,12,1,1,"yes",2
"750","yes",10.444563,2.8,11,3,0,"yes",3
"751","yes",10.530988,4.1,2,0,2,"yes",2
"752","no",11.254684,5.9,8,0,0,"yes",0
"753","yes",10.644262,2.7,9,1,2,"yes",3
"754","no",11.134107,5.4,16,0,0,"yes",0
"755","no",11.163557,4,11,1,1,"yes",2
"756","yes",10.748157,3.5,7,0,1,"yes",1
"757","yes",10.424117,3.9,5,0,3,"yes",3
"758","no",10.358268,4.3,5,0,2,"yes",2
"759","yes",10.546735,3.6,8,0,2,"yes",2
"760","yes",10.167575,4.6,4,0,0,"yes",0
"761","yes",10.232409,4.4,4,0,0,"yes",0
"762","yes",10.415019,4.4,6,0,0,"yes",0
"763","yes",9.439709,2.9,1,2,0,"yes",2
"764","yes",10.526048,3.2,10,1,2,"yes",3
"765","yes",10.169228,5.5,5,0,0,"yes",0
"766","yes",10.403554,3.4,5,0,2,"yes",2
"767","yes",10.375732,3.7,8,1,1,"yes",2
"768","yes",10.51803,2.6,5,0,1,"yes",1
"769","no",11.197707,3.8,12,0,1,"yes",1
"770","no",10.387608,4.5,8,0,1,"yes",1
"771","no",10.592153,3.4,8,0,2,"yes",2
"772","yes",10.554045,3.6,6,0,2,"yes",2
"773","yes",10.591844,2.6,10,0,2,"yes",2
"774","yes",10.406093,4,5,1,1,"yes",2
"775","no",10.680139,4,9,0,1,"yes",1
"776","no",9.281793,5.7,5,0,0,"yes",0
"777","no",10.529899,2.5,8,2,0,"yes",2
"778","yes",10.524458,3,8,0,1,"yes",1
"779","yes",10.645608,2.5,7,1,1,"yes",2
"780","yes",10.610342,4.3,2,0,2,"yes",2
"781","no",11.292684,4.6,10,0,1,"yes",1
"782","no",10.5143,2.6,7,1,1,"yes",2
"783","yes",10.364109,2.3,4,1,0,"yes",1
"784","yes",10.678174,3.2,8,0,2,"yes",2
"785","yes",10.676672,3.4,13,0,2,"yes",2
"786","yes",10.451906,3.3,3,1,1,"yes",2
"787","yes",10.493905,2.5,6,0,1,"yes",1
"788","yes",10.933745,3.9,11,0,2,"yes",2
"789","yes",10.220448,3.2,9,1,0,"yes",1
"790","yes",10.279145,4.7,5,0,0,"yes",0
"791","yes",10.376983,4.6,9,0,1,"yes",1
"792","yes",10.548088,4.1,8,0,2,"yes",2
"793","yes",10.457786,2.5,5,2,1,"yes",3
"794","yes",10.507745,3.9,10,0,1,"yes",1
"795","yes",10.474064,5.1,3,0,0,"yes",0
"796","yes",10.325908,5.1,10,0,0,"yes",0
"797","yes",10.399045,4.9,16,0,0,"yes",0
"798","yes",10.339881,3.5,8,1,2,"yes",3
"799","no",10.522865,2.7,7,1,1,"yes",2
"800","no",10.114141,4.7,4,0,1,"yes",1
"801","no",10.522161,3,8,3,0,"yes",3
"802","no",10.414384,3.2,5,2,1,"yes",3
"803","yes",10.491921,3.4,8,0,3,"yes",3
"804","yes",10.202841,4.1,4,0,0,"yes",0
"805","yes",10.465267,2.6,6,1,2,"yes",3
"806","no",10.60335,3.3,8,2,0,"yes",2
"807","yes",9.546312,4.9,6,0,3,"yes",3
"808","no",10.420614,4.1,6,0,3,"yes",3
"809","yes",11.002878,3.7,9,0,2,"yes",2
"810","yes",10.446016,4,3,0,2,"yes",2
"811","yes",10.31609,5,6,0,1,"yes",1
"812","yes",10.400943,2.9,8,0,2,"yes",2
"813","no",9.701465,2.6,4,1,1,"yes",2
"814","yes",10.481405,3.1,8,0,1,"yes",1
"815","yes",10.109776,3.2,5,0,1,"yes",1
"816","yes",10.656443,4.4,5,0,1,"yes",1
"817","no",10.527389,2.3,8,1,0,"yes",1
"818","no",10.2496,2.4,8,1,0,"yes",1
"819","no",10.742908,2.7,8,1,1,"yes",2
"820","yes",10.440141,2.8,8,0,1,"yes",1
"821","no",10.421623,5.2,4,0,1,"yes",1
"822","no",10.57064,4.7,12,0,2,"yes",2
"823","no",10.695252,4.2,8,0,2,"yes",2
"824","yes",10.364536,4.2,5,0,1,"yes",1
"825","yes",10.327931,4.7,4,0,0,"yes",0
"826","yes",10.177955,3.6,5,0,1,"yes",1
"827","yes",10.226662,4.1,8,0,0,"yes",0
"828","no",10.417757,3.8,3,1,1,"yes",2
"829","no",11.466458,3.6,13,0,2,"yes",2
"830","yes",10.362868,2.5,8,1,0,"yes",1
"831","no",10.412528,4.7,5,0,1,"yes",1
"832","yes",10.417331,4.4,7,0,1,"yes",1
"833","no",10.483624,4.4,2,0,1,"yes",1
"834","yes",10.451833,4.7,8,0,0,"yes",0
"835","yes",10.187326,2,5,1,0,"yes",1
"836","no",10.541466,4.1,8,0,1,"yes",1
"837","no",10.74696,5,7,0,1,"yes",1
"838","yes",10.442706,3.6,4,1,1,"yes",2
"839","yes",10.307899,2,8,0,0,"yes",0
"840","no",10.50997,2.8,6,2,0,"yes",2
"841","yes",10.302572,4.4,7,0,0,"yes",0
"842","yes",10.50766,3.5,9,0,2,"yes",2
"843","yes",10.662906,4.6,15,0,1,"yes",1
"844","yes",10.656736,2.6,9,1,0,"yes",1
"845","yes",10.554351,3.1,8,0,2,"yes",2
"846","no",10.500807,4.9,5,0,1,"yes",1
"847","no",10.31735,5.5,5,0,0,"yes",0
"848","yes",10.728559,4,4,0,1,"yes",1
"849","no",10.010429,5.7,6,0,1,"yes",1
"850","yes",10.474912,5.1,5,0,2,"yes",2
"851","yes",11.356841,5.6,3,0,0,"yes",0
"852","yes",10.483732,3.3,2,1,3,"yes",4
"853","yes",10.752502,4.1,5,0,2,"yes",2
"854","no",10.559347,3.2,12,1,0,"yes",1
"855","no",10.215829,2.5,11,1,0,"yes",1
"856","yes",11.574043,4.7,13,0,0,"yes",0
"857","yes",10.806046,3.1,16,2,0,"yes",2
"858","no",10.945839,3.3,14,0,2,"yes",2
"859","yes",10.379906,2.8,5,0,2,"yes",2
"860","yes",10.775556,3.8,11,0,0,"yes",0
"861","yes",10.528899,3.4,9,1,1,"yes",2
"862","yes",10.468534,3.3,6,0,2,"yes",2
"863","no",11.110955,3.5,10,1,1,"yes",2
"864","no",10.471365,5.1,9,0,1,"yes",1
"865","no",10.147503,4.1,5,1,0,"yes",1
"866","yes",10.69323,3.5,9,0,2,"yes",2
"867","yes",10.027595,4.2,14,0,0,"yes",0
"868","no",10.597393,2.4,4,2,1,"yes",3
"869","yes",10.377773,4.8,8,0,0,"yes",0
"870","no",10.13374,2.4,6,2,0,"yes",2
"871","yes",10.932351,4.1,10,0,1,"yes",1
"872","no",11.220691,5.1,10,0,0,"yes",0
